Fecha,Ademuz,Ador,Adsubia,Agost,Agres,Agullent,Aielo de Malferit,Aielo de Rugat,Aigües,Alaquàs,Albaida,Albal,Albalat de la Ribera,Albalat dels Sorells,Albalat dels Tarongers,Albatera,Alberic,Albocàsser,Alborache,Alboraya,Albuixech,Alcalalí,Alcalà de Xivert,Alcocer de Planes,Alcoleja,Alcora (l'),Alcoy/Alcoi,Alcublas,Alcudia de Veo,Alcàntera de Xúquer,Alcàsser,Alcúdia (l'),Alcúdia de Crespins (l'),Aldaia,Alfafar,Alfafara,Alfara de la Baronía,Alfara del Patriarca,Alfarp,Alfarrasí,Alfauir,Alfondeguilla,Alfàs del Pi (l'),Algar de Palancia,Algemesí,Algimia de Alfara,Algimia de Almonacid,Alginet,Algorfa,Algueña,Alicante/Alacant,Almazora/Almassora,Almedíjar,Almenara,Almiserà,Almoines,Almoradí,Almudaina,Almussafes,Almàssera,Alpuente,Alqueria d'Asnar (l'),Alqueria de la Comtessa (l'),Alquerías del Niño Perdido,Altea,Altura,Alzira,Andilla,Anna,Antella,Aras de los Olmos,Arañuel,Ares del Maestrat,Argelita,Artana,Aspe,Atzeneta d'Albaida,Atzeneta del Maestrat,Ayora,Ayódar,Azuébar,Aín,Balones,Banyeres de Mariola,Barracas,Barx,Barxeta,Bejís,Bellreguard,Bellús,Benafer,Benafigos,Benaguasil,Benagéber,Benasal,Benasau,Benavites,Beneixama,Beneixida,Benejúzar,Benetússer,Benferri,Beniarbeig,Beniardá,Beniarjó,Beniarrés,Beniatjar,Benicarló,Benicasim/Benicàssim,Benicolet,Benicull de Xúquer,Benidoleig,Benidorm,Benifairó de la Valldigna,Benifairó de les Valls,Benifaió,Benifallim,Benifato,Beniflá,Benigembla,Benigánim,Benijófar,Benilloba,Benillup,Benimantell,Benimarfull,Benimassot,Benimeli,Benimodo,Benimuslem,Beniparrell,Benirredrà,Benisanó,Benissa,Benissoda,Benisuera,Benitachell/Poble Nou de Benitatxell (el),Benlloch,Betxí,Biar,Bicorp,Bigastro,Bocairent,Bolbaite,Bolulla,Bonrepòs i Mirambell,Borriana/Burriana,Borriol,Bufali,Bugarra,Burjassot,Busot,Buñol,Bèlgida,Bétera,Cabanes,Calles,Callosa d'En Sarrià,Callosa de Segura,Calp,Campello (el),Campo de Mirra/Camp de Mirra (el),Camporrobles,Canals,Canet d'En Berenguer,Canet lo Roig,Carcaixent,Carlet,Carrícola,Casas Altas,Casas Bajas,Casinos,Castalla,Castell de Cabres,Castell de Castells,Castell de Guadalest (el),Castellfort,Castellnovo,Castellonet de la Conquesta,Castelló,Castelló de Rugat,Castellón de la Plana/Castelló de la Plana,Castielfabib,Castillo de Villamalefa,Catadau,Catarroja,Catral,Catí,Caudete de las Fuentes,Caudiel,Cañada,Cerdà,Cervera del Maestre,Chella,Chelva,Chera,Chert/Xert,Cheste,Chilches/Xilxes,Chiva,Chodos/Xodos,Chulilla,Chóvar,Cinctorres,Cirat,Cocentaina,Cofrentes,Confrides,Corbera,Cortes de Arenoso,Cortes de Pallás,Costur,Cotes,Coves de Vinromà (les),Cox,Crevillent,Culla,Cullera,Càlig,Càrcer,Daimús,Daya Nueva,Daya Vieja,Dolores,Domeño,Dos Aguas,Dénia,Elche/Elx,Elda,Eliana (l'),Emperador,Enguera,Eslida,Espadilla,Estivella,Estubeny,Facheca,Famorca,Fanzara,Faura,Favara,Figueroles,Finestrat,Foios,Fondó de les Neus (el)/Hondón de las Nieves,Font d'En Carròs (la),Font de la Figuera (la),Fontanars dels Alforins,Forcall,Formentera del Segura,Fortaleny,Fuente la Reina,Fuenterrobles,Fuentes de Ayódar,Gaianes,Gaibiel,Gandia,Gata de Gorgos,Gavarda,Geldo,Genovés,Gestalgar,Gilet,Godella,Godelleta,Gorga,Granja de la Costera (la),Granja de Rocamora,Guadasequies,Guadassuar,Guardamar de la Safor,Guardamar del Segura,Gátova,Herbés,Higueras,Higueruelas,Hondón de los Frailes,Ibi,Jacarilla,Jalance,Jana (la),Jarafuel,Jijona/Xixona,Jávea/Xàbia,Jérica,Llanera de Ranes,Llaurí,Llocnou d'En Fenollet,Llocnou de la Corona,Llocnou de Sant Jeroni,Llombai,Llosa (la),Llosa de Ranes (la),Llutxent,Llíber,Llíria,Lorcha/Orxa (l'),Loriguilla,Losa del Obispo,Lucena del Cid,Ludiente,Macastre,Manises,Manuel,Marines,Masalavés,Massalfassar,Massamagrell,Massanassa,Mata de Morella (la),Matet,Meliana,Millares,Millena,Miramar,Mislata,Mogente/Moixent,Moncada,Moncofa,Monforte del Cid,Montanejos,Montaverner,Montesa,Montesinos (Los),Montitxelvo/Montichelvo,Montroy,Montserrat,Montán,Monóvar/Monòver,Morella,Murla,Muro de Alcoy,Museros,Mutxamel,Navajas,Navarrés,Novelda,Novelé/Novetlè,Nucia (la),Nules,Náquera,Oliva,Olleria (l'),Olocau,Olocau del Rey,Onda,Ondara,Onil,Ontinyent,Orba,Orihuela,Oropesa del Mar/Orpesa,Orxeta,Otos,Paiporta,Palanques,Palma de Gandía,Palmera,Palomar (el),Parcent,Paterna,Pavías,Pedralba,Pedreguer,Pego,Penàguila,Peníscola/Peñíscola,Petrer,Petrés,Picanya,Picassent,Pilar de la Horadada,Piles,Pina de Montalgrao,Pinet,Pinós (el)/Pinoso,Planes,Pobla de Benifassà (la),Pobla de Farnals (la),Pobla de Vallbona (la),Pobla del Duc (la),Pobla Llarga (la),Pobla Tornesa (la),Poblets (els),Polinyà de Xúquer,Polop,Portell de Morella,Potríes,Puebla de Arenoso,Puebla de San Miguel,Puig,Puçol,Quart de les Valls,Quart de Poblet,Quartell,Quatretonda,Quatretondeta,Quesa,Rafal,Rafelbuñol/Rafelbunyol,Rafelcofer,Rafelguaraf,Real,Real de Gandía,Redován,Relleu,Requena,Riba-roja de Túria,Ribesalbes,Riola,Rocafort,Rojales,Romana (la),Rossell,Rotglà i Corberà,Rugat,Ràfol d'Almúnia (El),Ráfol de Salem,Rótova,Sacañet,Sagra,Sagunto/Sagunt,Salem,Salinas,Salzadella (la),San Antonio de Benagéber,San Fulgencio,San Isidro,San Miguel de Salinas,San Rafael del Río,San Vicente del Raspeig/Sant Vicent del Raspeig,Sanet y Negrals,Sant Joan d'Alacant,Sant Joan de l'Ènova,Sant Joan de Moró,Sant Jordi/San Jorge,Sant Mateu,Santa Magdalena de Pulpis,Santa Pola,Sarratella,Sax,Sedaví,Segart,Segorbe,Sella,Sellent,Sempere,Senija,Senyera,Serra,Sierra Engarcerán,Siete Aguas,Silla,Simat de la Valldigna,Sinarcas,Sollana,Soneja,Sot de Chera,Sot de Ferrer,Sueca,Sueras/Suera,Sumacàrcer,Tales,Tavernes Blanques,Tavernes de la Valldigna,Teresa,Teresa de Cofrentes,Terrateig,Teulada,Tibi,Titaguas,Todolella,Toga,Tollos,Tormos,Toro (El),Torralba del Pinar,Torre d'En Besora (la),Torre d'en Doménec (la),Torrebaja,Torreblanca,Torrechiva,Torrella,Torremanzanas/Torre de les Maçanes (la),Torrent,Torres Torres,Torrevieja,Torás,Tous,Traiguera,Turís,Tuéjar,Tàrbena,Tírig,Useras/Useres (les),Utiel,Valencia,Vall d'Alba,Vall d'Alcalà (la),Vall d'Ebo (la),Vall d'Uixó (la),Vall de Almonacid,Vall de Gallinera,Vall de Laguar (la),Vallada,Vallanca,Vallat,Vallibona,Vallés,Venta del Moro,Verger (el),Vila-real,Vilafamés,Vilamarxant,Vilanova d'Alcolea,Vilar de Canes,Vilavella (la),Villafranca del Cid/Vilafranca,Villahermosa del Río,Villajoyosa/Vila Joiosa (la),Villalonga,Villamalur,Villanueva de Viver,Villar del Arzobispo,Villargordo del Cabriel,Villena,Villores,Vinalesa,Vinaròs,Vistabella del Maestrazgo,Viver,Xaló,Xeraco,Xeresa,Xirivella,Xàtiva,Yesa (La),Yátova,Zarra,Zorita del Maestrazgo,Zucaina,Ènova (l')
2022-01-03,23722,19537,4091,9929,7269,6825,11005,3750,4259,12463,16317,11328,10042,10579,8857,12746,14839,17033,5939,13997,11105,3917,13000,4867,15254,13852,15544,1963,5851,7829,12799,14347,14746,13610,15064,13793,10369,5819,7192,12387,4454,6728,11480,6313,15399,9306,3816,13639,6848,8220,12734,12515,3278,12676,1509,10617,14414,1834,10090,16200,3622,11764,11096,11648,11738,8914,12628,649,15258,6136,3064,662,2717,793,15140,11334,10068,18711,17982,13071,8709,3252,13281,19633,14285,12739,12736,4851,21394,4013,1219,1449,11922,11111,11006,3846,11755,8875,6379,11885,15900,9618,5419,2000,13752,15559,7305,13847,14490,16027,7633,3896,14782,8921,8676,17782,5769,1470,217,3837,23325,10112,15977,6000,14285,5303,4854,5128,5281,4647,11215,22636,11523,13288,8796,3783,3818,12118,13723,16114,9262,13258,12675,15558,239,10914,11360,10987,1282,9472,13827,5398,13613,6921,15026,7454,6478,13679,13368,11197,11510,719,12938,13953,9519,9319,12066,16683,7070,4580,5521,5899,12551,0,3432,0,1117,6535,5673,17885,12196,2922,7920,9950,12489,8204,5462,19831,5311,9768,3927,6104,19296,14630,13219,9447,13405,7074,11093,943,5589,4513,17000,6310,12039,13268,0,10168,2000,8300,2702,9909,10741,10953,9259,5197,11509,6833,30322,16270,15926,5335,19705,5200,5810,13087,14358,15759,14508,5087,15218,6068,7246,19153,2400,934,2222,6227,12721,11341,3824,7489,12090,3376,10269,15194,18665,32017,8481,9117,3921,10806,1123,8141,9392,13389,9562,6333,5371,14866,9306,7931,16381,4101,11203,6440,11964,8333,14944,2448,9754,4197,2272,4166,3592,5958,16665,10110,17146,5473,8712,13126,11886,11032,14422,6283,12445,806,7400,6370,12321,15678,22269,2891,12056,7560,6437,8316,9581,1342,3076,14532,11453,5790,6024,9863,13939,12972,14375,10843,12479,5135,5000,11471,12836,20617,13777,8960,12904,17021,11131,19047,4900,4786,10216,12701,8152,16139,14321,2761,13290,12992,11733,5000,18009,13499,10501,11787,14694,4683,13772,16478,3993,27500,16693,12323,15460,15947,21774,10955,12453,4336,6398,12302,0,6729,9332,5291,4653,11490,2941,8706,11597,11329,17472,13575,17090,9809,12019,14424,10372,12445,8181,5095,15887,8357,4020,10642,11255,8747,13724,5033,3021,7031,8037,3191,13962,4605,0,15049,12519,12207,11072,20000,9037,5084,9502,12167,12121,11439,15541,8744,11220,10610,3832,15403,11229,8856,7262,10158,8523,8346,7894,10116,4597,4938,6108,12374,0,3990,13125,8373,10802,8142,6256,5550,5278,13480,13733,12777,3478,12086,5719,6002,4444,12448,8355,12650,1052,17070,15320,609,13839,6585,8854,0,1886,9523,4612,5060,6729,11971,7006,7058,6863,12362,7458,9290,13393,13167,6472,7365,13204,16297,7692,8723,781,13353,7641,19383,5673,11458,2857,2830,5394,0,10179,1234,5721,12845,6741,2068,4088,12529,9267,9749,2155,9557,23847,13626,10290,4333,5238,3023,16547,14846,21393,3750,3211,12840,4562,2466,5562,18055,11278,1960,4545,0,12604,17413,13235,4702,9685,4920,4733,9856,9831,16942,12792,12471,1960,16033,10000,10605,14261,16152,2380,9466,13911,11411,19465,4149,9510,9057,13974,13138,3619,3799,6358,0,8024,11751
2022-01-05,24108,22485,4255,10367,7801,7035,11437,3750,4766,13190,16807,11715,10342,10778,9354,13275,15315,17114,6590,14247,11226,3917,14130,6194,15254,14447,16389,2127,5851,8053,13034,14627,15255,13846,15237,13793,10369,5880,7320,12797,4454,6728,11785,6313,15668,9591,3816,13914,6976,8371,13177,13110,3278,12873,1509,10900,14612,1834,10234,16375,3622,12576,11363,12320,12044,9247,12917,649,15908,6222,3621,662,2717,793,15805,11507,11101,19248,18796,13725,8709,3252,13281,21043,14285,13200,13240,4851,24014,4013,1219,1449,12517,11111,11100,3846,12068,9289,6379,12143,16246,9669,5650,2000,14035,15559,7305,14494,15535,16376,7824,4359,15239,9306,8947,18049,5769,1470,217,3837,24156,10264,16804,6000,14486,5303,5825,5827,5281,4647,11364,23408,11828,13970,8796,4324,3975,12309,14293,17592,10964,13475,12844,16163,3597,11102,11882,11506,1282,9472,14327,5430,14234,7216,15391,7588,6478,14092,13650,11647,11911,479,13772,14715,9667,9319,12419,16785,7070,4580,5521,5899,13277,0,3661,0,1117,6644,5673,19321,12688,2922,8910,10164,12765,8338,5742,20112,5462,10347,3927,6104,19983,15349,13859,9447,13634,7332,11593,943,5589,4513,18000,6310,12578,14247,0,10330,2333,8819,2702,9909,11351,11156,9510,5197,11766,7088,30979,16833,16041,5471,20130,5200,5810,13727,14730,16151,14900,5232,15637,6206,7246,19777,2400,1869,2222,6227,13566,11501,4015,7672,12453,3530,10693,15589,18978,33771,8528,9607,3921,11527,1123,8350,12154,14149,9851,6717,5529,15478,9306,8078,16853,4185,11618,6440,12466,8333,15045,2448,9994,4938,2272,4166,3792,5958,17870,10910,17985,5769,8712,13519,12464,11289,15472,6548,13209,806,7581,6407,12423,15870,23043,3132,12435,8075,6732,8316,9885,1342,3076,15243,11699,5898,6149,9902,14260,13340,16250,10843,12771,5438,5000,12067,13194,21151,14268,9184,13263,18439,11192,19220,5038,4957,10453,13092,8152,16663,15811,3747,14278,13250,12142,5277,19007,13826,10735,12178,15525,4900,14743,17319,4157,27500,17113,13566,16263,16400,23073,11097,12870,4464,6161,12861,0,7080,9430,5291,4653,11744,2941,9097,12536,12138,17843,14239,17484,9809,12562,15515,10515,12919,8181,5095,16697,10117,4522,10986,11481,8866,14240,5280,3095,7191,8254,3723,14339,5921,0,15336,12838,12597,11363,20543,9445,5932,9954,12541,12482,12250,15711,8880,11655,10938,4094,15888,11550,9372,7374,10404,8613,8547,8442,11101,4597,4938,6108,12451,0,4225,13493,8373,11666,8142,6375,5625,5896,13670,14163,13288,3478,12488,5917,6157,5959,13524,8885,13046,1052,18014,15648,609,14125,7279,9375,0,1886,9611,4612,5060,6729,12197,7188,7330,7170,12568,7458,9779,13665,13549,6745,7490,13529,17555,7692,8885,781,13912,7761,19603,5673,11458,2857,3144,5394,0,10179,1234,5721,13132,6741,2068,4245,13105,9417,9879,2155,9790,26993,13805,10642,4333,5238,3023,17315,15145,22093,3750,3211,13257,4562,2466,6045,18281,11278,1960,4545,649,12687,18793,13812,5030,9968,5272,4733,9984,10605,16942,13310,12883,1960,16472,10000,11397,14432,16521,2380,9876,14514,14114,19847,4288,9877,9376,14746,13681,3619,3944,6936,0,8641,12084
2022-01-10,26036,27456,4746,12432,8510,7872,12367,4375,6389,14385,18413,12668,11755,11892,9933,14405,16959,17848,6916,15282,12093,3917,15682,7079,15819,15522,17757,2782,6914,8873,14633,15883,16350,14963,16279,13793,13181,6550,8020,14027,5345,6728,12673,7128,16445,11206,4580,15332,8096,9125,14522,14467,3688,14351,1509,11748,15659,1834,11861,17854,4409,12981,12700,13463,12762,9997,13772,974,17896,7087,3621,662,2717,793,20920,12257,11703,19631,20897,14379,9354,3252,13281,23653,15476,14658,14754,4851,28627,4682,1219,1449,13930,11111,12229,3846,13793,10591,6858,13725,17000,9923,5882,2000,16468,15832,9132,15703,17773,17247,7919,4638,16438,10975,10167,18909,5769,2205,217,5643,25973,10810,18181,7000,15895,6060,6796,6293,6073,4947,12555,26495,12396,15290,9259,5405,4245,13072,16731,21039,12287,14734,13302,17145,4076,12092,13334,12896,1282,9742,15629,6113,15834,7805,16785,8193,6478,15155,14591,12668,13408,479,14524,16254,10436,10059,13569,18278,8080,4580,5521,6366,14568,0,4347,0,1675,6971,5673,21932,13741,2922,9900,11483,13992,8900,7002,20956,6069,12831,3927,6104,21804,19203,15565,9738,15729,8179,12579,943,6344,4861,18250,6310,13611,15138,0,10751,3000,9338,2895,10510,12292,11630,10245,5197,13427,8057,33004,17928,16445,5882,21803,5497,5810,14602,15685,17491,16485,5813,16956,7172,7246,21582,4800,2803,4444,7692,15620,12180,4015,8461,13687,3914,11911,16822,19082,35745,9161,10588,5882,14265,1123,8559,12154,15852,10876,7869,5687,16846,10036,8460,18437,4827,11618,6440,12852,10087,15655,2448,10454,4938,2272,4166,4191,6280,19279,12362,18585,6952,10533,15423,13695,11674,17383,8318,14628,806,8483,7199,12830,17188,24591,3253,13508,8075,7469,8514,11330,2013,3153,16085,12233,6222,6521,10567,15516,14209,18125,12048,13992,5438,5000,13594,14187,22962,15417,9974,14617,20921,12232,20519,5236,6324,11096,13788,8695,17965,19536,3747,15727,14417,13562,6111,20739,15512,11201,13153,18162,5524,16571,18569,4704,27500,18626,14810,18421,17312,24910,11936,13962,5484,6872,14339,2941,7489,10805,6525,4860,12583,2941,10234,13475,13194,19330,15827,19102,10610,13639,17020,10896,14489,10909,5095,18404,11436,5025,12192,12490,9701,16239,5858,3316,7710,8807,5319,16792,9868,0,16540,13892,13671,12217,22477,10172,5932,11915,13529,13662,13948,16390,9560,13591,12238,4529,17221,12569,10576,7765,10965,9099,9470,9100,13249,4597,5246,6334,12838,0,4460,14674,9090,12777,8428,6892,6120,6419,13891,15879,15012,3913,14027,5917,6497,7979,15727,9946,13809,1052,19707,17284,609,15334,9358,10156,0,2229,10405,5020,5161,7247,12862,8219,10407,8891,14079,7734,10268,14572,15076,7839,9612,15069,19508,8906,9046,781,15153,8423,21806,6382,11458,5714,3144,6639,0,10179,1234,6218,14208,6741,2068,5031,14152,10014,10465,2586,10567,28017,15174,11609,5136,5952,3441,19706,16124,24334,3750,3211,15428,5703,2466,7255,19089,12030,1960,4545,1298,12854,20237,15280,5303,11151,5623,5325,11200,11561,17355,14369,14050,1960,17507,10000,13857,14604,17768,2380,10844,15475,15015,21692,4776,10856,10514,16342,14971,4524,4377,6936,900,8641,12749
2022-01-13,27000,34161,5073,14205,10460,8626,13297,4375,7910,15849,20561,13470,13018,12636,10099,15865,18300,26894,7973,15953,12647,4147,17625,8407,15819,18220,19663,3273,6914,9694,15378,16469,18110,15786,17158,14778,13532,6886,8911,14766,6681,7656,13591,7739,17302,11396,5343,16192,8320,9577,15672,16397,4098,14958,1509,12838,16814,1834,12429,18472,4409,13387,14505,15524,13680,10663,14428,1298,19349,7778,3899,662,2717,1587,23375,12853,13166,20322,22089,16993,10322,3252,13281,26375,16071,15732,15636,4851,31550,5351,1219,1449,15227,11666,12511,3846,14106,12011,7177,14425,17900,10330,6160,2000,17374,17743,9132,17424,19761,17247,8396,4916,17490,11874,10980,19943,5769,3676,217,6997,27530,11114,22176,8000,16901,6565,6796,6993,6514,5247,13349,27845,12745,17257,9490,7567,4672,13740,18333,23201,13421,15269,13930,17371,4076,12439,14778,14341,1282,10554,16343,6536,16793,8247,17785,8797,6760,16245,15365,14117,14929,479,15191,17216,10746,10059,14229,19059,8080,4580,5521,7050,16499,0,5949,0,1675,7298,5673,24543,15175,2922,10891,12018,14551,9451,9243,22644,6373,14900,3927,6822,23745,21881,16204,10319,16977,8658,13435,943,6646,5902,19250,6796,14921,16028,0,11075,3000,9597,3088,11411,13233,12158,10732,5197,14346,8567,34756,18710,16733,6155,22785,5794,7339,16181,16539,18436,17231,6104,18128,8689,8695,22970,4800,4672,4444,8424,16352,13538,4015,8939,15042,4259,12731,17858,19603,36622,9582,10882,5882,14841,1123,8559,13259,17222,13679,9309,6161,17458,10948,8783,19381,5301,12033,6779,13392,10745,16045,2448,10991,5432,2272,4166,4790,6360,21163,13763,18705,8431,10923,17124,15548,11802,18433,8672,15065,806,9025,7312,12932,18176,26010,3253,14193,8247,8255,8514,12775,4026,3230,17288,13341,6493,7018,11311,16234,14700,23750,13253,14785,5740,5000,14636,15000,24169,16048,10571,15995,21453,13088,21645,5473,7008,11671,15693,8695,18899,21854,4339,17434,15949,15032,6527,21671,16732,11435,13967,20051,5973,18046,19903,5142,28333,20040,17651,20052,18165,28763,12603,16233,5994,7819,15927,2941,7899,11296,7760,5170,13318,2941,11798,14757,15395,20446,17545,20460,10810,14638,18788,11227,15145,11818,5095,19551,12463,5025,12869,13030,10178,17475,6435,3721,7990,9320,5319,17924,9868,0,17538,14764,14746,13079,23141,10990,5932,12518,14693,14285,15793,17494,10104,14460,12982,5400,18475,13602,11435,8156,11416,9345,10072,9429,14413,4597,5555,7013,12993,0,4929,15239,9569,13580,9571,7365,6331,6942,14224,16952,16178,5072,15381,5917,7054,9393,18442,11140,14752,1052,20762,18131,609,16785,10745,10416,0,2572,10670,5208,5364,7506,13958,8917,11221,10510,14629,10497,11491,15058,15267,8113,11111,16142,20511,8906,9046,781,17485,8904,24449,9219,11458,5714,4088,6639,0,10778,1234,6716,15177,6741,2068,5503,14923,10164,10918,3017,10878,32260,16587,12049,5617,5952,3858,21085,16938,28011,5000,3211,17417,6083,2656,8948,19702,12781,1960,4545,1298,13439,23784,16881,5904,11697,7205,5325,12384,13245,18388,15395,15057,1960,18882,10000,14819,15463,18887,2380,12162,16866,15615,24236,5090,11730,10969,17389,16048,4524,4665,7225,3603,8641,13082
2022-01-17,28158,36473,5073,16124,10638,9380,13859,5625,8722,17394,22370,14441,14040,13751,10264,16498,19089,29584,8706,16405,12984,4147,18740,8407,16384,20495,20837,3927,6914,10589,16310,17617,19988,17196,17803,14778,13708,7495,9484,16652,7795,9976,14499,8146,17830,11585,5343,17082,9120,10181,17019,17597,4098,15533,1509,14089,17667,1834,13743,19534,4409,14401,15975,17405,14659,11496,14967,1298,22179,7865,5849,662,2717,1587,26393,14045,14716,20628,23017,16993,10322,4065,13281,27799,16071,16193,16897,5660,34127,5351,2439,1449,16240,12222,12793,3846,14420,14852,7336,16080,18306,10941,6438,2000,18902,19108,11415,18817,21155,17770,8874,5009,18370,12644,11793,20885,5769,5147,217,7449,30230,11630,24104,8000,18712,7070,6796,6993,6954,5397,14937,30160,13531,18532,9953,9729,5076,15362,20238,25964,13988,16529,15234,19033,4076,13536,16894,16323,1282,10690,17164,6991,18045,8541,18887,9570,7887,17362,16374,15137,16042,479,15442,19021,10968,10355,15722,19561,8080,5343,5521,7769,17713,0,6864,0,1675,7843,5673,26283,16896,2922,11881,13195,15317,10137,10084,22644,6373,18708,3927,7001,25283,24363,16844,10755,18797,8843,14220,943,6948,6597,20250,6796,15842,16295,0,11398,3333,10376,3088,11411,13787,12835,11518,5197,15367,9128,37821,20275,16964,6155,24365,5943,7951,16940,17605,19832,18560,6395,19133,9655,10144,23941,4800,4672,4444,9157,17393,14177,4588,9488,16760,4566,14055,19832,20229,36622,10637,10882,5882,14985,1123,9185,13259,18463,14816,9980,6635,19726,11678,9077,20356,6250,13278,7457,14010,10745,16621,2448,11376,5925,2272,4166,4990,6682,22339,14664,18824,8727,11573,18534,16604,12059,19484,8672,16812,806,10108,7538,13340,20345,27815,3614,14790,8247,8796,8712,15589,4026,3923,18076,14614,6818,7142,12133,17193,15242,26250,13253,15569,5740,5000,16163,15737,25655,16729,11689,17697,23226,14801,23116,6046,7521,12719,17598,12228,20103,23054,5128,18636,16904,16560,6944,23901,18352,12835,14975,22484,6394,19556,21382,5470,29166,22393,19106,21171,19392,30913,13318,18545,6632,9952,17575,2941,9128,12868,8465,5584,14111,2941,12366,15594,16204,21189,19081,22356,11311,16629,20293,11478,16605,13636,5732,21470,12609,6030,13447,13995,11212,19317,8745,4089,8629,9735,5319,18584,11184,0,18674,15275,15429,13849,23987,13306,6779,14027,15396,14711,16974,19830,11644,15250,13651,5923,19833,14239,12295,8770,11826,9795,10794,9758,15846,4597,5709,7692,14153,0,5868,15832,11004,14259,9857,7990,6653,7085,14636,19098,18037,5217,16723,7297,9065,10606,20491,12599,15647,1052,22446,18766,609,17939,10918,10677,0,2744,12874,5396,5769,7765,14477,9584,12036,11718,15521,11878,11980,15744,16412,8751,12734,17281,21681,8906,9854,781,19205,10228,25330,9219,11458,5714,4088,6639,0,10778,1234,7462,16325,6741,2068,6132,16587,10164,11424,3017,11344,33284,18000,12840,6260,7142,4379,22630,17836,31302,5000,3669,19926,6844,3225,12575,21382,12781,1960,4545,1948,14273,25695,19287,6178,12182,8260,5325,14144,16158,19214,16224,16453,1960,21392,10000,15752,17525,20181,2380,13804,18229,16216,26399,5718,13706,11925,19220,17986,4524,4858,8092,6306,9259,13747
2022-01-20,32208,42254,5237,18335,10992,10594,15329,5625,9229,18403,24264,15949,15093,15039,10844,17099,21123,31947,9113,18063,14261,4377,20789,8849,18644,22069,22493,5400,7978,11558,17408,19823,21885,18190,18537,15763,14059,7800,9739,17965,7795,10904,15557,8350,18479,11775,6106,18232,9440,11161,18176,18876,4508,16174,1509,14816,18450,1834,14322,20731,4409,14807,17045,18727,16184,12302,15819,1623,23479,8383,6406,662,2717,1587,29565,15506,16437,21779,24777,17647,11290,4065,14062,29153,16666,17114,19609,5929,37397,6354,2439,1449,17546,12222,13358,3846,14576,16686,7496,16964,19300,11399,6855,2000,20090,20109,15981,20505,22397,17944,9064,5102,19544,13286,12426,21369,5769,5882,217,7900,32514,12146,26170,8000,21931,7323,6796,7226,7042,5997,15384,31704,14011,20313,10185,10810,5974,16125,21626,27606,14933,17050,16996,20694,4556,14526,18834,18565,2564,11366,18425,7382,19046,9867,20212,10107,7887,19329,17138,16492,17684,479,16110,20605,11603,10798,17018,20343,8080,5343,6748,8237,19137,0,7322,0,1675,8169,5673,28546,18533,3246,13861,13552,16582,10586,10364,22644,6676,19619,3927,7360,27791,26714,17270,11191,20343,9358,15369,943,7401,7291,23250,7281,16979,17809,0,12240,3333,10894,4247,12312,14839,13606,12452,5405,16402,10045,39299,21307,17022,6155,25561,6240,8562,17986,19250,20824,20852,8430,20745,10068,10144,26231,4800,4672,4444,10256,18378,15135,5353,10291,19149,5295,14902,22002,21063,40131,11199,11078,5882,15706,1123,10020,13259,19661,16530,10748,8372,21706,12043,9488,22405,6668,14107,7457,14511,12061,18146,2448,12145,7901,2272,4166,5389,7407,24100,15115,19064,9615,12483,19435,18057,12315,20725,9292,18013,806,10649,7538,13441,21801,30309,4096,15565,8247,9533,8712,17566,4697,4538,18969,16009,7467,8633,13933,18072,17358,29375,14457,17101,5740,5000,17430,16568,27606,17356,13046,19086,25000,16085,24675,6184,7863,13328,18905,15489,20995,25124,5522,20193,18192,17640,6944,25299,19552,13885,16698,24675,7119,20908,23677,5634,30000,24343,21127,22815,20785,33422,14006,20494,8035,11137,19106,2941,9596,14341,9523,5584,15368,2941,13184,17256,17418,23791,20343,23471,11711,18223,21140,12086,17737,15454,5732,22566,13196,6532,14259,15214,12326,22439,8910,4200,9188,10406,5319,20283,11842,0,19236,16137,16015,14687,24712,15622,6779,16742,16055,15815,18745,21486,12415,15922,14118,6358,21347,15346,13155,8882,12961,10197,11035,10526,17636,5172,6172,8144,14771,0,6338,16399,11244,14938,10142,8808,6888,7322,15792,20386,19500,5797,18036,7692,9746,11414,23411,13395,17043,1052,23582,19863,609,18643,11958,10677,0,2744,13844,6181,6376,8541,15656,10342,13122,12415,15796,12154,12224,16117,18129,9115,13982,18495,22933,9311,10016,781,21040,10950,29735,9219,11458,5714,4402,7468,0,10778,1851,10945,17473,7865,2068,6132,17687,10313,12020,3448,12509,35259,20336,13808,7544,8095,4588,24279,18995,35854,5000,3669,21542,8745,3984,14026,22545,13533,1960,4545,1948,15108,28010,21326,6560,13557,9138,5325,15680,18525,19628,17798,17665,1960,23504,10000,17138,19759,21165,2380,15298,20095,16216,27480,6032,14860,13154,20621,19346,4524,5435,8670,6306,12345,14523
2022-01-24,38187,45491,5237,19128,11524,12060,16281,6250,9837,20053,26428,17608,16115,16129,12251,18310,23652,38223,11065,19914,15707,4531,23034,9292,19209,23701,23920,8674,8510,12229,19850,21871,23762,19845,19887,15763,14762,8439,11584,19852,8017,11716,16535,8961,20397,12250,8778,19997,10528,11764,19266,20881,4918,17307,1509,15744,20303,1834,16605,23043,6299,16024,17847,20340,17585,14134,17250,1623,24703,10025,6963,662,2717,2380,32736,17434,17469,23849,28279,18954,13870,4065,14843,30141,19047,18419,21185,6199,39779,6354,2439,1449,19056,15000,13546,4487,15047,18698,7814,18123,21400,12111,7179,2000,22637,20564,16438,21978,24036,18641,9351,5287,20481,13992,13827,22495,5769,5882,217,8352,34659,13543,27272,8000,23943,7323,6796,7226,8406,6446,17220,33376,15539,22076,11574,11351,6221,16793,22908,29329,16068,18338,17914,21148,4796,16586,20732,20974,3846,13667,20369,8065,22752,10603,22187,11182,8732,21457,18701,17379,18679,479,17863,22669,12091,12278,19260,21785,11111,6870,9202,8776,20466,0,8466,0,1675,8823,5673,30504,20124,4220,15841,16761,18631,11362,10364,24050,6980,20943,3927,8976,28317,29065,18976,11337,23136,10501,16874,943,8459,9722,25250,7281,18046,20658,0,13406,3666,12970,4633,13213,16057,14378,14162,5613,17605,10606,41379,22903,17426,6292,27008,7726,11009,18934,20850,22871,24795,8866,21708,10482,10144,30950,6400,4672,4444,10622,20264,16253,6309,11107,23510,6676,16543,24222,22210,44956,12511,11764,5882,20461,1123,10020,13812,20842,18052,11324,9478,23074,13321,10223,25664,7310,15352,8474,14936,12938,19146,2448,13136,8888,2272,4166,7584,8856,25123,16166,19544,10059,14564,20046,19046,13149,21680,11681,19213,806,12093,8066,14154,23283,31771,4096,17319,8591,11056,9504,19467,5369,5076,20428,17569,8820,9689,16046,19420,20006,31250,14457,19662,5740,5000,18845,18154,28720,19009,14924,20752,26063,17675,26060,6480,8376,14817,20823,19021,22158,27359,5917,21277,20148,18654,7777,27296,21557,14819,18036,26662,8931,22212,25649,6291,30833,26249,22258,23960,22133,35618,15559,22432,8928,11137,20675,2941,10181,15618,10582,5687,17487,5882,14036,18398,18119,24907,21801,25358,12812,20205,22917,13339,19306,16363,6369,23289,13489,7537,15403,17318,12723,24191,10066,4384,10027,11097,6382,21509,12500,0,20188,19597,16503,16187,25740,18119,6779,18702,16670,17663,20664,22972,13275,16870,14824,6881,24180,17301,13843,10391,14848,11690,12078,11074,18979,5172,6327,8371,15390,0,6572,17661,11722,15987,10571,10725,7260,7798,17804,21673,20846,5942,19247,8284,10736,12323,24385,14323,18436,1052,24789,21682,609,20424,12131,10937,0,2915,14991,7185,6781,10785,17528,11040,14479,13952,17445,14640,13202,17634,19847,9480,14606,20945,24458,9716,10339,1171,22397,11432,38105,9929,11458,5714,4716,7468,0,10778,1851,14676,18353,7865,2068,6132,19251,10911,12881,4310,14219,36869,23936,14335,8025,10000,4900,27613,20756,41001,5625,4128,23711,9505,4174,15719,23611,17293,1960,4545,1948,16110,29772,23956,6724,15802,9314,5325,17376,20209,19834,19239,19473,1960,25262,10000,19315,26116,22880,2380,17379,21738,17717,30725,6311,16276,15475,21906,20581,4524,6782,9826,7207,13580,15410
2022-01-27,41658,48843,5564,19837,11879,12939,17664,6250,10344,21773,28440,19080,17288,17864,12582,19704,26228,40097,13018,21442,17080,4992,24028,9292,21468,25544,25759,10801,9574,12602,21439,23383,25073,21997,21593,16502,15289,9445,12985,20508,9576,11948,17438,9572,22158,12725,10687,21429,11200,12895,20212,22485,4918,18407,1509,17157,22029,1834,18253,24616,7244,16430,19117,21886,18782,15745,18988,1623,25736,11322,6963,662,2717,2380,37084,19967,18330,24923,30172,19607,14516,4065,14843,31763,20238,19263,22635,6469,42226,6688,2439,1449,21153,15000,13922,6410,15203,20118,8293,20018,24660,12671,7735,2000,24052,20928,21004,23268,25702,18815,10400,5936,21257,14890,15137,23371,8653,6617,217,9255,35923,14758,28374,8000,26760,7828,6796,7459,8714,6746,19007,34855,17066,24087,12731,11891,6558,17938,25026,30150,16446,20248,19145,22280,5035,18726,23082,23828,4487,14614,22080,8617,26321,11487,23784,12290,9014,23065,20593,18524,19706,479,19365,24519,12682,13313,20938,22757,11111,8396,11656,9712,22139,0,8695,0,2234,9586,5673,33376,22134,5519,16831,19008,20962,12227,10784,24753,6980,21440,3927,10053,29409,30829,20255,11773,25334,11385,18677,943,10876,10069,27750,8252,19878,21371,0,13633,5333,13748,5212,15015,17386,15028,15882,6237,18556,11524,42911,24436,18061,6429,28947,8023,13149,20424,22854,24713,27605,9011,22566,10758,10144,35183,6400,4672,4444,11355,21925,16892,7265,12192,26060,8096,17787,25801,22940,47368,13917,12941,5882,23198,1123,10438,14364,22128,19381,11804,9952,24514,14416,10898,28124,8063,15767,9491,15978,13596,20687,2448,14177,10617,2272,4166,8982,12962,26362,16466,19664,10798,15994,20700,20341,14111,23018,12389,20087,806,12996,8480,15274,24848,33791,4216,19099,9450,13562,9900,21064,5369,6615,21680,18842,10714,10310,17338,20757,22204,32500,14457,22041,6646,5000,21042,19808,30229,20603,16162,22142,28546,19816,27186,6658,8376,16407,23607,24728,23665,28973,6114,22898,22331,19532,8888,28395,22749,16336,19352,28981,10830,23612,27367,7002,30833,28710,24618,25250,23539,38261,17114,23889,10331,11611,22927,2941,10473,18074,11111,5894,19225,5882,15493,19261,19303,26394,22842,26900,13613,22402,25001,15232,20437,18181,6369,24000,14956,9547,16400,19888,13717,26257,10891,4458,11346,11631,6382,22264,12500,0,21036,21543,17871,18214,26827,19391,6779,20361,17812,19422,22656,23949,14408,17740,16111,8188,25577,20100,14961,10558,16625,13142,13001,11622,19874,6321,6481,8371,17169,0,6572,18613,12200,17222,11571,12179,7904,8416,20481,23605,21843,5942,20265,8481,11881,12727,26024,14721,20100,1052,25621,25733,609,22084,12305,10937,0,2915,15784,8973,7186,11561,19362,11919,14932,15099,18612,15193,13202,18609,20992,9662,15605,22647,25733,9311,10985,1171,23931,11552,44273,9929,13541,5714,4716,7468,0,11377,1851,17412,19375,7865,2068,6132,21032,11061,13921,5603,15617,38551,27194,14511,8667,10714,5318,29376,22460,45588,5625,4128,25504,11026,4554,16686,24612,17293,1960,6060,1948,17195,32767,26387,8255,17652,9490,5917,19232,21438,20041,20472,20411,1960,26878,10000,22171,29037,24456,2380,19196,23212,18918,32251,6694,17412,16977,23850,21598,4524,8706,10982,8108,14197,16962
2022-01-31,42333,49595,5564,20463,12056,13107,18681,6250,10750,22809,29269,20263,18340,19053,13162,20883,27321,41075,13913,22274,17851,5069,24826,9292,22598,26485,26827,10965,10106,13049,22283,24093,25660,22810,22238,16995,15465,10207,13430,21000,10244,12296,17847,9572,22880,12915,10687,22687,11776,13951,21037,23457,5737,19408,1509,18207,22972,1834,18944,25598,7401,16835,20053,22670,19483,16273,19689,1948,26156,11408,8077,662,2717,2380,38056,21390,18760,26226,31251,20915,14838,4065,15625,32567,20238,19646,22950,6738,43806,7357,3048,1449,22272,15555,14111,7692,15673,20887,8771,20791,25726,13944,7920,2000,25410,21292,21461,24394,26573,18989,11068,6215,21887,15789,15951,24380,9615,6617,434,9255,36632,14971,29063,8000,27967,8080,6796,7692,9022,8095,19702,36270,17634,24973,12731,11891,6738,18320,26130,31053,17202,21320,19555,22885,5035,20251,24124,24921,4487,14884,22939,9300,27563,11782,24768,14170,10140,23969,22329,19077,20456,479,19532,25377,13141,13757,22406,24396,11111,8396,11656,10215,23439,0,8695,0,2793,10239,5673,28083,35030,23090,5519,18811,20149,22182,12879,11484,25738,7890,21937,3927,10592,30137,32070,20682,12645,26502,12122,19391,943,11933,11111,28250,8737,21059,22261,0,14022,6000,14007,6177,15015,18438,15434,17199,7068,19373,12901,44116,25969,19157,6566,30540,8766,17125,21259,24175,25811,29087,9883,23110,11034,11594,38237,6400,6542,4444,11355,23276,17292,7456,12783,27388,8633,18845,26393,23670,49122,14667,13627,5882,23487,1123,11482,14917,23001,20038,12188,11216,24910,14781,11251,29365,8537,15767,9491,16402,13596,22009,2448,15029,11604,2272,4166,10978,13687,26892,17167,19904,11390,15994,21282,21148,14560,24450,12743,20742,806,13537,8669,15682,25425,34565,4337,19964,9965,14299,10693,21825,5369,6923,22403,19088,11417,11118,18199,21635,22950,37500,15662,23254,6646,5000,22532,20737,30717,21465,17146,23064,30141,20244,27532,6816,8717,16880,25378,25815,24656,29801,6311,24326,23256,20471,9305,29260,23926,17036,20178,30031,11497,24480,28076,7713,30833,29775,25749,25960,24294,39695,18140,24788,11734,12085,24183,2941,11000,19351,11463,5997,20267,5882,16986,20276,20221,27137,23571,28068,14014,23780,26139,15764,21934,18181,6369,24598,15249,12562,17101,21031,13996,27470,10973,4458,11865,11887,6382,22547,12500,0,21897,22222,19140,18956,27552,20299,7627,21568,18471,20155,23468,24713,14771,18332,16729,8449,26415,21317,15563,10670,17254,13892,13643,12390,20590,6896,6481,8371,18097,0,7277,19294,12679,17777,13285,12825,8214,8844,22081,25536,22762,6086,21094,8678,12376,13232,27202,14986,21391,1052,26280,26484,609,23095,12478,10937,0,3087,16666,9476,7489,12510,20117,12526,15113,16799,19917,15469,13936,19244,20992,10027,16229,23568,26637,9311,11308,1171,24791,11793,44493,12765,14583,5714,4716,8713,0,11377,1851,17661,20326,7865,2068,6289,21970,11659,14579,5603,16783,40307,28637,14775,8988,11666,5318,30048,23366,48424,6250,4587,26448,11026,4933,16686,25323,17293,1960,6060,1948,17863,34487,27471,9021,18764,10017,5917,19744,22303,20454,21279,21098,1960,10000,23585,29725,25679,2380,20574,24596,19219,33524,6799,18234,17888,25426,22475,4524,9090,11849,8108,14197,17627
2022-02-03,42815,45433,5728,21234,12588,13484,19394,6250,11257,23876,30131,21270,19152,19871,13741,22318,28852,42216,14564,23345,19344,5069,25519,9292,22598,27704,27844,11129,11702,13124,23685,25059,26481,23698,22986,17241,16168,11151,14385,21328,11358,12761,18286,10386,23612,14150,11068,23642,12544,14781,21641,24025,6147,20673,2641,19257,23910,1834,19868,26794,7559,17849,21056,23319,20218,17550,20590,1948,26959,11927,8913,662,2717,2380,38465,22144,19277,27223,31837,22222,16129,4065,17187,33441,20238,20107,23139,7008,43828,7692,3048,1449,23356,15555,14487,7692,16300,21301,9250,21471,26486,14402,8105,2000,26202,22020,22831,25117,27227,20383,11641,6307,22376,17458,16854,25690,9615,6617,652,9255,37238,15244,30027,8000,28973,8080,6796,8624,9595,8545,20297,37556,18987,25894,12731,12432,6850,19083,27127,31491,18714,22564,20376,23187,5035,22498,24994,26329,5128,15290,23881,9560,28342,12960,26064,14607,10422,24913,23924,19609,21285,479,19616,26102,14264,13905,23243,25374,11111,8396,12269,10971,24242,0,9153,0,2793,11111,5673,29047,34290,24033,5844,18811,20970,23259,13497,11904,26300,8497,23013,3927,11131,30663,33899,21108,12936,27109,14148,20228,943,12990,11458,29250,8737,22092,22439,0,14928,6333,14526,6370,15315,19712,15949,18116,7484,20065,13666,45429,26689,20080,6566,32572,10104,18654,22261,25156,26860,30394,10174,23487,11862,11594,41984,6400,6542,4444,11355,25752,17971,8030,13501,28421,9094,19692,27429,24608,49780,15206,13823,5882,23775,1123,12734,15469,23641,20647,13243,12480,25917,14781,12162,30645,8789,15767,9491,16904,14254,23110,2636,16064,12345,2272,4166,11976,13929,27380,17517,20383,11538,16775,21732,21908,15651,25501,14070,21397,806,14440,9272,16802,26551,35640,4457,21045,10309,15036,11881,22205,5369,7769,23114,19211,12121,11925,19647,22650,24033,37500,15662,24521,7250,5416,23612,21482,31228,22655,17593,23939,30851,21345,28658,6935,9572,17456,26514,26902,25925,30836,7100,25818,24545,21150,9861,29793,25247,17969,20910,31044,12686,25114,29014,8260,30833,30604,26950,26526,25091,40456,19314,25248,12627,13270,25341,2941,12638,20235,12169,6204,21279,5882,18230,20898,20990,27137,23935,29198,15015,24702,27347,16494,22664,19090,6369,25021,16129,14572,18294,22733,14155,28436,11303,4568,12544,12500,6382,22924,15789,0,22998,23311,20507,19715,28821,20753,7627,22021,18976,21510,24059,25350,15722,18806,17335,8972,27027,22402,16165,11564,18143,14588,14004,13048,20769,10344,6635,10407,21036,0,7277,20456,15071,17962,14285,13784,8858,9510,24251,25965,23471,6231,21865,8678,12840,13333,28381,15251,22268,1052,26858,27398,609,24590,12651,10937,0,3087,17019,10480,8603,12855,20903,13739,15294,17578,22252,16022,14425,20195,21564,10665,16853,24382,27413,9716,12116,2734,25403,11973,45594,14893,14583,5714,4716,8713,0,11377,1851,17661,20775,7865,2068,6446,23010,12705,15478,5603,17793,41989,30065,14951,9149,12857,5318,30589,24545,51225,6250,4587,27202,11026,4933,16928,26033,17293,1960,6060,1948,18363,35973,28360,10005,19714,10369,5917,20416,22758,25619,22250,22402,1960,10000,24915,29896,26678,2380,21717,25318,20120,34796,7043,19178,19299,26903,23184,4524,9668,13005,9009,14197,18736
2022-02-07,43201,46994,5728,21547,12943,13777,19848,6875,11460,24405,30554,21867,19723,20391,14486,22935,30069,43602,14808,24138,20380,5069,26016,9292,22598,28367,28464,11947,12234,13124,24745,26051,26892,24416,23570,17241,16520,11700,14640,21985,11358,12761,18720,10794,24196,14814,11450,24401,12832,15233,22077,24601,6147,21609,3396,19903,24349,1834,20748,27561,7716,18458,22459,23879,20538,18439,21316,1948,27151,12445,10584,662,2717,2380,38976,22846,19965,27453,32670,22875,16129,4878,17187,33765,20238,20491,23833,7547,45041,7692,3048,1449,24404,15555,14581,7692,16927,21834,9250,21803,26993,14605,8198,2000,27164,22292,20547,25666,27700,21080,12118,6307,22765,17650,17487,26816,9615,6617,1086,9255,37532,15487,30303,8000,29175,8585,6796,9324,9947,9145,20645,38585,19511,26603,12962,12432,6895,19942,27554,31846,18903,23317,21004,23413,5035,23354,25422,26625,5128,15967,24756,9723,29448,13402,27178,14741,12112,25432,24865,20054,21659,479,19782,26627,14855,14497,24040,26289,11111,8396,12269,12086,24586,0,9839,0,2793,11655,5673,29671,34899,24632,5844,18811,21148,24084,13823,12324,26863,8649,23758,3927,11131,30825,36054,21108,13226,27738,15180,20870,943,13293,11458,29500,8737,22821,22796,0,15317,7333,14526,6756,15315,20099,16246,18685,7692,20638,14176,46031,27252,20369,6839,33289,11144,18960,22595,25799,27440,31456,11046,23801,12275,11594,43650,6400,6542,4444,12820,27469,18570,8604,13782,29213,9669,20407,27923,25443,51315,15346,14803,5882,23919,1123,13361,16022,23968,21047,13243,13428,26529,15145,12485,31596,8872,16182,9491,17213,14254,23737,3578,16638,12345,2272,4166,12175,14009,27665,17817,20383,11982,16905,21994,22297,15907,25787,14336,21615,806,14620,9574,17107,27045,36242,4578,21791,10481,15282,12673,22737,6040,8230,23950,19334,12662,12422,20782,23572,25046,37500,15662,25241,7250,5416,25251,21933,31692,23609,17996,24239,31560,22140,29090,7132,9572,17760,27015,27173,26433,31456,7297,26731,25788,21587,10138,30359,25807,18086,21532,31625,13339,25634,29687,8643,30833,31088,27501,26921,25799,41532,19750,25602,13265,13507,26148,2941,13692,20825,12698,6308,22142,5882,18869,21317,21582,27137,24352,29952,15215,25348,28152,16753,23211,19090,6369,25570,16422,14572,19266,23795,14393,29088,11881,4642,13264,12894,6382,23490,18421,0,24317,23919,20996,20134,29728,21344,7627,22021,19130,22800,24280,26114,16039,19399,17688,9059,27561,23035,16681,11955,18813,14918,14486,13048,21128,11494,6635,11312,21887,0,7511,21268,16267,18024,14857,14441,9044,9652,24758,26824,24029,6231,22329,9467,13242,13838,29047,16313,22901,1052,27264,27851,609,25711,12998,10937,0,3087,17372,10982,8805,13201,21637,14316,15565,18356,23282,17127,14669,20819,21946,10938,17228,25065,28126,10121,12277,3515,25758,12274,46916,14893,15625,5714,5031,8713,0,11377,1851,17910,21205,7865,2068,6446,23574,13303,15808,6465,18026,42355,30779,15127,9470,13095,5839,31026,25394,53466,6250,4587,27666,11406,5123,17170,27002,17293,1960,6060,1948,18948,36674,28998,10716,20634,10544,5917,20704,23122,27272,22710,22837,1960,10000,25876,30240,27378,2380,22391,26001,20120,35368,7147,20209,20436,27714,23805,4524,10052,14450,9909,14197,18957
2022-02-10,43780,43294,5891,21985,12943,14028,20237,6875,11460,24963,31264,22350,20384,20763,14900,23913,31105,44417,15134,24780,21055,5145,26318,9292,22598,28991,29067,12765,12765,13199,25519,26794,27283,25015,23977,17487,16871,12126,15658,22395,12249,13341,19179,11608,24564,15194,11450,24871,13216,15837,22426,24908,6147,23054,3773,20468,24962,2752,21193,28125,8031,18458,23128,24305,21331,18994,21965,1948,27456,12964,11142,662,2717,2380,39335,23447,20223,27914,32935,22875,16451,4878,17968,34315,20833,20644,24527,8086,45495,7692,3048,1449,25266,16111,14675,7692,17241,22189,9409,22410,27533,14758,8290,2000,27730,22656,20547,25954,28071,21428,12500,6400,23253,17971,18255,27391,9615,6617,1304,9480,37999,15699,30853,10000,29175,8838,6796,10489,10519,9745,21488,38971,20122,27019,12962,12432,6918,20229,28106,32175,19281,24185,21921,23564,5035,24130,25941,26977,5128,16238,25538,9821,29879,13549,28056,14909,12112,25684,25978,20384,22101,479,19949,27160,15461,14644,24417,26651,11111,8396,12269,12841,25207,0,9839,0,2793,11873,5673,30294,35335,25167,5844,22772,21611,24608,14081,13025,27004,8952,24172,3927,11849,30987,36969,21108,13226,28162,16064,21344,943,14803,12500,29500,8737,23376,22885,0,15608,7333,14656,6949,15315,20155,16598,19318,7692,20998,14533,46524,27534,20715,6976,34258,12035,18960,23006,26419,27828,32256,11191,24178,12413,11594,47467,6400,7476,4444,12820,28567,18769,9369,14346,29844,10168,21148,28317,26173,51535,15581,15196,5882,24207,1123,13361,16574,24242,21448,13243,13902,26961,15875,12837,32708,9012,16597,9491,17792,14692,24330,3954,17515,13086,2272,4166,12774,14090,28072,18268,20503,12130,16905,22197,22665,16228,26265,14513,22379,806,17328,9724,17515,27457,37360,4698,22557,10996,15577,13465,23422,6040,8230,24667,19786,13149,12484,21956,24085,25792,37500,15662,26125,7250,5833,25623,22682,32110,24558,18175,24526,32446,23302,29610,7251,9572,18403,27515,27445,26842,31788,7297,27267,26607,21860,10694,30492,26281,18553,22083,31950,14310,25987,30108,9190,30833,31477,28094,27236,26405,42338,20401,25880,14030,13507,26834,2941,14979,21021,13227,6514,22822,5882,19189,21862,21859,27137,24586,30822,15415,26124,29247,17120,23394,20000,6369,25869,16422,14572,19832,24724,14592,29649,12046,4716,13823,13704,6382,23773,19078,0,25521,25054,21191,20632,30996,21662,9322,22171,19393,23423,24501,26242,16674,19636,17978,9407,27851,23755,16766,12625,19524,15182,14566,13377,21396,11494,6790,11764,24052,0,7511,22023,16985,18086,15142,14914,9453,10128,25962,26824,24400,6231,22711,9861,13428,14141,29508,16578,23493,1052,27710,28515,609,26580,13344,10937,0,3087,17901,11264,9210,13287,22088,14740,15565,18848,24587,17679,14669,21617,22900,10938,17478,25661,28578,10526,12924,3515,26210,12515,47136,15602,15625,5714,5345,9128,0,11377,1851,18159,21438,7865,2068,6446,24295,13602,16320,6465,19269,42867,31493,15391,9951,13571,5839,31375,26028,54866,6250,4587,27985,12167,5123,17291,27939,17293,1960,6060,1948,19365,37184,29423,11481,21170,11072,6508,20832,23258,29132,23702,23386,1960,10000,26696,30240,28276,2380,22919,26365,20720,35750,7287,20454,20846,28439,24214,5429,10437,15895,9909,15432,19401
2022-02-14,44358,43930,5891,22256,12943,14154,20497,7500,11460,25334,31467,22935,20895,21060,15397,24130,31799,45232,16924,25548,21296,5145,26468,9292,22598,29346,29441,13093,13297,13348,26059,27661,27537,25515,24505,17487,17047,12644,16040,22477,12249,13457,19489,12016,24936,15289,11450,25414,13504,16214,22748,25185,6147,23530,4150,21033,25297,2752,21661,28596,8031,18458,23529,24551,21774,19494,22580,1948,27533,13223,11420,662,2717,2380,39437,23923,20395,28067,33238,22875,16774,4878,17968,34485,21428,20644,24842,9433,45950,7692,3048,1449,25790,16111,14769,7692,17868,22603,9569,22870,27933,14961,8383,2000,27956,22838,20547,26155,28289,21777,12690,6493,23579,18164,18526,28225,9615,6617,1304,9706,38276,15912,30853,10000,29778,8838,6796,10722,11047,10044,21985,39292,20253,27285,12962,12432,6963,20706,28319,32585,19659,24489,22356,23942,5035,24665,26172,27126,5769,16508,26058,9951,30606,13549,28897,15379,12112,25963,26564,20552,22374,479,20367,27515,16186,14644,24833,27337,11111,8396,12269,13165,25437,0,9839,0,2793,11873,6382,30620,35726,25519,5844,22772,21968,25164,14194,13445,27426,9256,24254,3927,11849,31270,37949,21321,13372,28517,16617,21720,943,14954,12847,29750,8737,23637,23152,0,16029,7333,14656,7335,15615,20376,16761,19711,7692,21459,14839,47016,27909,20773,6976,34842,12481,18960,23174,26821,28216,32828,11337,24429,12551,11594,48785,6400,7476,4444,12820,29355,19089,10325,14585,30367,10207,21519,28564,26277,51535,15768,15392,5882,24351,1123,13361,16574,24455,21832,13531,14375,27321,15875,12896,33645,9207,16597,9491,18062,14692,24703,3954,17837,13086,2272,4166,12774,14653,28233,18868,20503,12278,16905,22386,22879,16741,26743,14955,22707,806,17328,10327,18024,27732,37704,4698,23183,12027,15724,13663,23498,6040,8384,25326,19950,13419,12732,22309,24605,26201,38125,15662,26754,7552,5833,26256,23064,32412,25371,18368,24718,33687,23853,29783,7350,9572,18809,27979,27717,27448,31995,7297,27665,27092,22156,10833,30858,27061,18669,22375,32116,14615,26387,30372,9299,30833,31737,28547,27381,26833,42831,20777,26019,14285,13507,27328,2941,15213,21611,13227,6514,23388,5882,19509,22078,22194,27509,24716,31476,15615,26451,29746,17317,23868,20000,6369,26205,16422,15075,20250,25295,14671,30031,12458,4716,13903,14040,6382,23867,21052,0,26290,25819,21386,21051,31661,21798,9322,22171,19635,23904,24649,26624,16855,19913,18168,9494,28140,24383,16938,12849,20016,15409,14606,13925,21754,12068,6944,12217,24284,0,7511,22918,17224,18209,15285,15281,9614,10699,26421,26824,24839,6231,22928,9861,13675,14343,29866,16578,23814,1052,28248,28890,609,27294,13691,10937,0,3087,18165,11609,9817,13632,22565,14892,15565,19463,25549,19337,15647,22233,22900,10938,17727,26019,28833,10526,13247,3906,26414,12695,48237,15602,15625,5714,5345,9128,0,11377,1851,18159,21672,7865,2068,6446,24743,13901,16533,6896,19658,43379,31850,15391,10272,13809,6047,31715,26522,56092,6250,4587,28174,12167,5123,17654,28488,18045,1960,6060,1948,19866,37311,29705,11755,21484,11423,7100,21120,23850,29545,24162,23684,1960,10000,27234,30412,28941,2380,23241,26750,21021,36513,7426,20594,21347,28853,24646,5429,10678,15895,9909,15432,19512
2022-02-17,44937,44450,5891,22736,13120,14237,20756,7500,11663,25677,31636,23707,21316,21357,15645,24306,32436,45313,17005,26074,21585,5222,26544,9292,22598,29691,29785,13584,13297,13348,26500,28487,27635,25909,24860,17733,17574,12949,16359,22723,12472,13689,19698,12016,25278,15289,11832,25790,13664,16365,23044,25458,6557,23727,4150,21114,25575,2752,21761,29161,8188,18864,23663,24753,22032,19716,23274,1948,27609,13483,11420,662,2717,2380,39590,24182,20395,28297,33314,22875,17419,4878,17968,34781,21428,20721,24968,10242,45972,7692,3048,1449,26341,16111,14863,7692,18338,22603,9569,22999,28253,15063,8429,3000,28183,22929,20547,26309,28485,21602,13167,6679,23770,18356,18707,28751,9615,7352,1739,9706,38380,15912,31129,10000,30382,9090,6796,10955,11223,10044,22630,39163,20471,27622,12962,12432,6963,20992,28551,32640,20226,24649,22742,24093,5035,25147,26409,27367,5769,16508,26566,9951,31669,13549,29690,15648,12112,26083,27103,20723,22744,479,20534,27707,16925,14940,25215,27973,11111,8396,12883,13776,25542,0,9839,0,2793,12309,6382,30861,36031,25821,5844,22772,22289,25657,14340,14425,27426,9559,24420,3927,11849,31593,38863,21321,13372,28849,16838,22090,943,16163,13194,29750,8737,24236,23686,0,16483,7666,14656,7528,15615,20764,16950,19921,7900,21717,15043,47235,27941,20830,6976,35134,12778,19571,23328,27075,28485,33531,11627,24576,12689,11594,49965,6400,7476,4444,12820,29805,19289,10707,14923,30622,10283,21731,28663,26798,51535,15838,15490,5882,24351,1123,13569,16574,24633,21976,14107,15007,28041,15875,13131,34605,9347,16597,9491,18332,14692,25279,4896,18108,13333,2272,4166,13173,15136,28378,18868,20503,12573,17035,22503,23054,16805,26934,15132,22707,806,18411,10554,18228,28006,37833,4819,23656,13058,15872,14257,23650,6711,8384,25973,20114,13690,13229,22818,25211,26599,39375,16867,27347,7552,5833,26443,23488,32528,26025,18428,25257,33865,24036,29870,7389,9572,18910,28358,28260,27685,32036,7297,27911,27516,22370,11805,31058,27473,18669,22556,32320,14963,26585,30685,9409,30833,31941,28773,27486,27160,43145,20989,26148,14668,13507,27743,2941,15623,22003,13227,6514,23862,5882,19758,22306,22520,27509,25003,32166,16216,27011,30207,17501,23978,20000,6369,26305,16422,15577,20607,25802,14751,30413,12871,4716,14063,14277,6382,23962,21052,0,27265,26164,21582,21462,31842,21889,9322,22473,19789,24505,24944,26751,17082,20268,18281,9494,28419,24783,17110,13240,20440,15589,14687,13925,21665,11494,6944,12895,24671,0,7511,23427,17703,18333,15571,15690,9812,10889,26722,26824,25138,6376,23215,9861,13861,14444,30430,16710,24036,1052,28329,29371,609,28426,13864,10937,0,3087,18342,11954,9919,13718,23367,15074,15565,19688,25961,19889,15647,22970,23091,11121,17977,26496,29036,10526,14216,3906,26564,12996,49118,15602,15625,5714,5345,9128,0,11377,1851,18656,21743,7865,2068,6446,25103,14499,16687,6896,19813,43525,32267,15655,10112,13809,6152,31986,26982,56827,6250,4587,28338,12167,5502,18016,28779,18045,1960,6060,1948,20033,37608,29970,11755,21939,11423,7100,21248,24351,29752,24520,23752,1960,10000,28337,30584,29705,2380,23475,26955,23723,37531,7566,20874,21802,29214,24848,6787,10774,16184,10810,15432,19512
